seed,condition,provider,caller
71,local-neutral,a01,a05
71,local-neutral,a04,a05
71,local-boids,a01,a05
71,local-boids,a04,a01
71,local-boids,a04,a05
71,local-boids,a05,a01
71,local-boids,a07,a00
71,local-boids,a07,a02
71,local-boids,a07,a03
108,local-neutral,a05,a00
108,local-neutral,a05,a02
108,local-neutral,a05,a04
108,local-boids,a00,a02
108,local-boids,a00,a05
108,local-boids,a03,a01
108,local-boids,a03,a07
108,local-boids,a06,a01
108,local-boids,a06,a04
2026,local-neutral,a01,a06
2026,local-neutral,a04,a01
2026,local-neutral,a04,a02
2026,local-neutral,a05,a00
2026,local-boids,a00,a03
2026,local-boids,a00,a05
2026,local-boids,a02,a01
2026,local-boids,a03,a00
2026,local-boids,a04,a00
2026,local-boids,a04,a02
2026,local-boids,a04,a05
2026,local-boids,a07,a03
