seed,condition,author,publications,adoption_publications,self_contained_publications,fresh_served_history_families,fresh_self_contained_history_families,served_other_authors,used_other_authors
71,local-neutral,a00,6,0,6,6,6,0,0
71,local-neutral,a01,6,0,6,6,6,1,0
71,local-neutral,a02,6,0,6,6,6,0,0
71,local-neutral,a03,6,0,6,6,6,0,0
71,local-neutral,a04,5,0,5,6,6,1,0
71,local-neutral,a05,6,4,2,6,4,0,2
71,local-neutral,a06,6,0,6,6,6,0,0
71,local-neutral,a07,6,0,6,6,6,0,0
71,local-boids,a00,5,1,4,6,6,0,1
71,local-boids,a01,6,4,2,6,5,1,2
71,local-boids,a02,5,3,2,6,6,0,1
71,local-boids,a03,6,4,2,6,4,0,1
71,local-boids,a04,6,0,6,6,6,2,0
71,local-boids,a05,6,5,1,6,4,1,2
71,local-boids,a06,6,0,6,6,6,0,0
71,local-boids,a07,6,0,6,6,6,3,0
71,independent,a00,6,0,6,6,6,0,0
71,independent,a01,6,0,6,6,6,0,0
71,independent,a02,6,0,6,6,6,0,0
71,independent,a03,6,0,6,6,6,0,0
71,independent,a04,6,0,6,6,6,0,0
71,independent,a05,6,0,6,6,6,0,0
71,independent,a06,6,0,6,6,6,0,0
71,independent,a07,6,0,6,6,6,0,0
108,local-neutral,a00,6,4,2,6,6,0,1
108,local-neutral,a01,6,0,6,6,6,0,0
108,local-neutral,a02,6,4,2,6,5,0,1
108,local-neutral,a03,6,0,6,6,6,0,0
108,local-neutral,a04,6,1,5,6,6,0,1
108,local-neutral,a05,6,0,6,6,6,3,0
108,local-neutral,a06,5,0,5,6,6,0,0
108,local-neutral,a07,6,0,6,6,6,0,0
108,local-boids,a00,5,0,5,6,6,2,0
108,local-boids,a01,6,4,2,6,4,0,2
108,local-boids,a02,6,4,2,6,4,0,1
108,local-boids,a03,6,0,6,6,6,2,0
108,local-boids,a04,5,3,2,6,5,0,1
108,local-boids,a05,6,5,1,6,4,0,1
108,local-boids,a06,5,0,5,6,6,2,0
108,local-boids,a07,6,4,2,6,6,0,1
108,independent,a00,5,0,5,6,6,0,0
108,independent,a01,6,0,6,6,6,0,0
108,independent,a02,6,0,6,6,6,0,0
108,independent,a03,6,0,6,6,6,0,0
108,independent,a04,6,0,6,6,6,0,0
108,independent,a05,6,0,6,6,6,0,0
108,independent,a06,6,0,6,6,6,0,0
108,independent,a07,6,0,6,6,6,0,0
2026,local-neutral,a00,6,5,1,6,4,0,1
2026,local-neutral,a01,6,1,5,6,6,1,1
2026,local-neutral,a02,6,5,1,6,4,0,1
2026,local-neutral,a03,6,0,6,6,6,0,0
2026,local-neutral,a04,6,0,6,6,6,2,0
2026,local-neutral,a05,6,0,6,6,6,1,0
2026,local-neutral,a06,5,2,3,6,6,0,1
2026,local-neutral,a07,5,0,5,6,6,0,0
2026,local-boids,a00,6,4,2,6,5,2,2
2026,local-boids,a01,6,5,1,6,3,0,1
2026,local-boids,a02,6,1,5,6,6,1,1
2026,local-boids,a03,6,5,1,6,4,1,2
2026,local-boids,a04,6,0,6,6,6,3,0
2026,local-boids,a05,6,5,1,6,4,0,2
2026,local-boids,a06,6,0,6,6,6,0,0
2026,local-boids,a07,6,0,6,6,6,1,0
2026,independent,a00,5,0,5,6,6,0,0
2026,independent,a01,6,0,6,6,6,0,0
2026,independent,a02,5,0,5,6,6,0,0
2026,independent,a03,6,0,6,6,6,0,0
2026,independent,a04,6,0,6,6,6,0,0
2026,independent,a05,6,0,6,6,6,0,0
2026,independent,a06,6,0,6,6,6,0,0
2026,independent,a07,6,0,6,6,6,0,0
