seed,condition,id,author,round,declared_families,original_passing_families,fresh_passing_families,self_contained_declared_closure,closure_versions,closure_authors,oldest_dependency_round,root_ast_nodes,direct_import_adapter_families,simple_delegate_families,all_checks_direct_imports,all_checks_import_or_simple_delegate,original_correct_cases,original_declared_cases,correct_cross_author_cases,adoption_observed
71,local-neutral,a00_r01,a00,1,6,5,5,True,1,1,1,854,0,0,False,False,32,36,0,False
71,local-neutral,a01_r01,a01,1,6,4,4,True,1,1,1,860,0,0,False,False,26,36,0,False
71,local-neutral,a02_r01,a02,1,6,4,4,True,1,1,1,982,0,0,False,False,26,36,0,False
71,local-neutral,a03_r01,a03,1,6,4,4,True,1,1,1,966,0,0,False,False,26,36,0,False
71,local-neutral,a04_r01,a04,1,6,5,5,True,1,1,1,842,0,0,False,False,32,36,0,False
71,local-neutral,a05_r01,a05,1,6,4,4,True,1,1,1,960,0,0,False,False,26,36,0,False
71,local-neutral,a06_r01,a06,1,6,4,4,True,1,1,1,1047,0,0,False,False,26,36,0,False
71,local-neutral,a07_r01,a07,1,6,5,5,True,1,1,1,883,0,0,False,False,32,36,0,False
71,local-neutral,a00_r02,a00,2,6,6,6,True,1,1,2,878,0,0,False,False,36,36,0,False
71,local-neutral,a01_r02,a01,2,6,6,6,True,1,1,2,934,0,0,False,False,36,36,0,False
71,local-neutral,a02_r02,a02,2,6,6,6,True,1,1,2,945,0,0,False,False,36,36,0,False
71,local-neutral,a03_r02,a03,2,6,6,6,True,1,1,2,1011,0,0,False,False,36,36,0,False
71,local-neutral,a04_r02,a04,2,6,6,6,True,1,1,2,851,0,0,False,False,36,36,0,False
71,local-neutral,a05_r02,a05,2,6,6,6,False,3,3,1,70,0,0,False,False,36,36,36,True
71,local-neutral,a06_r02,a06,2,6,6,6,True,1,1,2,1056,0,0,False,False,36,36,0,False
71,local-neutral,a07_r02,a07,2,6,6,6,True,1,1,2,891,0,0,False,False,36,36,0,False
71,local-neutral,a00_r03,a00,3,6,6,6,True,2,1,2,112,0,6,False,True,36,36,0,False
71,local-neutral,a01_r03,a01,3,6,6,6,True,1,1,3,934,0,0,False,False,36,36,0,False
71,local-neutral,a02_r03,a02,3,6,6,6,True,2,1,2,21,6,0,True,True,36,36,0,False
71,local-neutral,a03_r03,a03,3,6,6,6,True,1,1,3,1011,0,0,False,False,36,36,0,False
71,local-neutral,a04_r03,a04,3,6,6,6,True,2,1,2,21,6,0,True,True,36,36,0,False
71,local-neutral,a05_r03,a05,3,6,6,6,False,3,3,1,70,0,0,False,False,36,36,36,True
71,local-neutral,a06_r03,a06,3,6,6,6,True,2,1,2,33,6,0,True,True,36,36,0,False
71,local-neutral,a07_r03,a07,3,6,4,4,True,1,1,3,830,0,0,False,False,27,36,0,False
71,local-neutral,a00_r04,a00,4,6,6,6,True,2,1,2,112,0,6,False,True,36,36,0,False
71,local-neutral,a01_r04,a01,4,6,6,6,True,2,1,3,112,0,6,False,True,36,36,0,False
71,local-neutral,a02_r04,a02,4,6,6,6,True,3,1,2,21,6,0,True,True,36,36,0,False
71,local-neutral,a03_r04,a03,4,6,6,6,True,1,1,4,1011,0,0,False,False,36,36,0,False
71,local-neutral,a04_r04,a04,4,6,6,6,True,3,1,2,21,6,0,True,True,36,36,0,False
71,local-neutral,a05_r04,a05,4,6,6,6,False,3,3,1,70,0,0,False,False,36,36,36,True
71,local-neutral,a06_r04,a06,4,6,6,6,True,3,1,2,33,6,0,True,True,36,36,0,False
71,local-neutral,a07_r04,a07,4,6,6,6,True,1,1,4,839,0,0,False,False,36,36,0,False
71,local-neutral,a00_r05,a00,5,6,6,6,True,2,1,2,28,5,1,False,True,36,36,0,False
71,local-neutral,a01_r05,a01,5,6,4,4,True,1,1,5,848,0,0,False,False,28,36,0,False
71,local-neutral,a02_r05,a02,5,6,6,6,True,4,1,2,21,6,0,True,True,36,36,0,False
71,local-neutral,a03_r05,a03,5,6,6,6,True,2,1,4,21,6,0,True,True,36,36,0,False
71,local-neutral,a05_r05,a05,5,6,6,6,False,4,3,1,58,0,0,False,False,36,36,36,True
71,local-neutral,a06_r05,a06,5,6,6,6,True,4,1,2,33,6,0,True,True,36,36,0,False
71,local-neutral,a07_r05,a07,5,6,6,6,True,1,1,5,839,0,0,False,False,36,36,0,False
71,local-neutral,a00_r06,a00,6,6,4,4,True,1,1,6,888,0,0,False,False,26,36,0,False
71,local-neutral,a01_r06,a01,6,6,4,4,True,1,1,6,823,0,0,False,False,26,36,0,False
71,local-neutral,a02_r06,a02,6,6,5,5,True,1,1,6,820,0,0,False,False,31,36,0,False
71,local-neutral,a03_r06,a03,6,6,4,4,True,1,1,6,966,0,0,False,False,26,36,0,False
71,local-neutral,a04_r06,a04,6,6,4,4,True,1,1,6,810,0,0,False,False,26,36,0,False
71,local-neutral,a05_r06,a05,6,6,4,4,True,1,1,6,838,0,0,False,False,26,36,0,False
71,local-neutral,a06_r06,a06,6,6,6,6,True,4,1,2,33,6,0,True,True,36,36,0,False
71,local-neutral,a07_r06,a07,6,6,6,6,True,1,1,6,839,0,0,False,False,36,36,0,False
71,local-boids,a00_r01,a00,1,6,4,4,True,1,1,1,908,0,0,False,False,26,36,0,False
71,local-boids,a01_r01,a01,1,6,5,5,True,1,1,1,1007,0,0,False,False,31,36,0,False
71,local-boids,a02_r01,a02,1,6,4,4,True,1,1,1,835,0,0,False,False,26,36,0,False
71,local-boids,a03_r01,a03,1,6,4,4,True,1,1,1,963,0,0,False,False,26,36,0,False
71,local-boids,a04_r01,a04,1,6,4,4,True,1,1,1,914,0,0,False,False,26,36,0,False
71,local-boids,a05_r01,a05,1,6,4,4,True,1,1,1,879,0,0,False,False,26,36,0,False
71,local-boids,a06_r01,a06,1,6,4,4,True,1,1,1,1054,0,0,False,False,26,36,0,False
71,local-boids,a07_r01,a07,1,6,4,4,True,1,1,1,841,0,0,False,False,26,36,0,False
71,local-boids,a00_r02,a00,2,6,6,6,True,1,1,2,909,0,0,False,False,36,36,0,False
71,local-boids,a01_r02,a01,2,6,4,4,True,1,1,2,823,0,0,False,False,26,36,0,False
71,local-boids,a02_r02,a02,2,6,6,6,True,1,1,2,1051,0,0,False,False,36,36,0,False
71,local-boids,a03_r02,a03,2,6,4,4,True,1,1,2,763,0,0,False,False,26,36,0,False
71,local-boids,a04_r02,a04,2,6,6,6,True,1,1,2,928,0,0,False,False,36,36,0,False
71,local-boids,a05_r02,a05,2,6,6,6,False,2,2,1,381,0,0,False,False,36,36,24,True
71,local-boids,a06_r02,a06,2,6,6,6,True,1,1,2,894,0,0,False,False,36,36,0,False
71,local-boids,a07_r02,a07,2,6,6,6,True,1,1,2,906,0,0,False,False,36,36,0,False
71,local-boids,a00_r03,a00,3,6,6,6,True,2,1,2,169,0,0,False,False,36,36,0,False
71,local-boids,a01_r03,a01,3,6,6,6,False,3,2,1,21,6,0,True,True,36,36,36,True
71,local-boids,a03_r03,a03,3,6,6,6,False,2,2,2,21,6,0,True,True,36,36,36,True
71,local-boids,a04_r03,a04,3,6,6,6,True,2,1,2,21,6,0,True,True,36,36,0,False
71,local-boids,a05_r03,a05,3,6,6,6,False,2,2,2,118,0,0,False,False,36,36,36,True
71,local-boids,a06_r03,a06,3,6,6,6,True,2,1,2,21,6,0,True,True,36,36,0,False
71,local-boids,a07_r03,a07,3,6,6,6,True,2,1,2,173,0,0,False,False,36,36,0,False
71,local-boids,a00_r04,a00,4,6,6,6,True,2,1,2,210,0,0,False,False,36,36,0,False
71,local-boids,a01_r04,a01,4,6,6,6,False,3,3,2,118,0,0,False,False,36,36,36,True
71,local-boids,a02_r04,a02,4,6,6,6,False,3,2,2,77,6,0,True,True,36,36,36,True
71,local-boids,a03_r04,a03,4,6,6,6,False,3,2,2,21,6,0,True,True,36,36,36,True
71,local-boids,a04_r04,a04,4,6,6,6,True,2,1,2,21,6,0,True,True,36,36,0,False
71,local-boids,a05_r04,a05,4,6,6,6,False,2,2,2,118,0,0,False,False,36,36,36,True
71,local-boids,a06_r04,a06,4,6,6,6,True,3,1,2,66,6,0,True,True,36,36,0,False
71,local-boids,a07_r04,a07,4,6,6,6,True,2,1,2,192,0,0,False,False,36,36,0,False
71,local-boids,a00_r05,a00,5,6,6,6,False,3,2,2,77,6,0,True,True,36,36,36,True
71,local-boids,a01_r05,a01,5,6,6,6,False,2,2,2,118,0,0,False,False,36,36,36,True
71,local-boids,a02_r05,a02,5,6,6,6,False,3,2,2,105,6,0,True,True,36,36,36,True
71,local-boids,a03_r05,a03,5,6,6,6,False,3,2,2,21,6,0,True,True,36,36,36,True
71,local-boids,a04_r05,a04,5,6,6,6,True,2,1,2,21,6,0,True,True,36,36,0,False
71,local-boids,a05_r05,a05,5,6,6,6,False,2,2,2,21,6,0,True,True,36,36,36,True
71,local-boids,a06_r05,a06,5,6,6,6,True,4,1,2,84,6,0,True,True,36,36,0,False
71,local-boids,a07_r05,a07,5,6,6,6,True,2,1,2,211,0,0,False,False,36,36,0,False
71,local-boids,a01_r06,a01,6,6,6,6,False,2,2,2,21,6,0,True,True,36,36,36,True
71,local-boids,a02_r06,a02,6,6,6,6,False,3,2,2,105,6,0,True,True,36,36,36,True
71,local-boids,a03_r06,a03,6,6,6,6,False,4,2,2,21,6,0,True,True,36,36,36,True
71,local-boids,a04_r06,a04,6,6,6,6,True,2,1,2,91,6,0,True,True,36,36,0,False
71,local-boids,a05_r06,a05,6,6,6,6,False,3,2,2,21,6,0,True,True,36,36,36,True
71,local-boids,a06_r06,a06,6,6,6,6,True,5,1,2,25,6,0,True,True,36,36,0,False
71,local-boids,a07_r06,a07,6,6,6,6,True,3,1,2,77,6,0,True,True,36,36,0,False
71,independent,a00_r01,a00,1,6,5,5,True,1,1,1,915,0,0,False,False,32,36,0,False
71,independent,a01_r01,a01,1,6,4,4,True,1,1,1,843,0,0,False,False,26,36,0,False
71,independent,a02_r01,a02,1,6,6,6,True,1,1,1,889,0,0,False,False,36,36,0,False
71,independent,a03_r01,a03,1,6,4,4,True,1,1,1,977,0,0,False,False,26,36,0,False
71,independent,a04_r01,a04,1,6,4,4,True,1,1,1,953,0,0,False,False,26,36,0,False
71,independent,a05_r01,a05,1,6,4,4,True,1,1,1,980,0,0,False,False,26,36,0,False
71,independent,a06_r01,a06,1,6,4,4,True,1,1,1,891,0,0,False,False,26,36,0,False
71,independent,a07_r01,a07,1,6,4,4,True,1,1,1,886,0,0,False,False,26,36,0,False
71,independent,a00_r02,a00,2,6,5,5,True,1,1,2,912,0,0,False,False,32,36,0,False
71,independent,a01_r02,a01,2,6,6,6,True,1,1,2,889,0,0,False,False,36,36,0,False
71,independent,a02_r02,a02,2,6,6,6,True,2,1,1,111,0,6,False,True,36,36,0,False
71,independent,a03_r02,a03,2,6,6,6,True,1,1,2,986,0,0,False,False,36,36,0,False
71,independent,a04_r02,a04,2,6,4,4,True,1,1,2,953,0,0,False,False,26,36,0,False
71,independent,a05_r02,a05,2,6,6,6,True,1,1,2,1080,0,0,False,False,36,36,0,False
71,independent,a06_r02,a06,2,6,6,6,True,1,1,2,900,0,0,False,False,36,36,0,False
71,independent,a07_r02,a07,2,6,6,6,True,1,1,2,893,0,0,False,False,36,36,0,False
71,independent,a00_r03,a00,3,6,5,5,True,1,1,3,915,0,0,False,False,32,36,0,False
71,independent,a01_r03,a01,3,6,6,6,True,2,1,2,57,6,0,True,True,36,36,0,False
71,independent,a02_r03,a02,3,6,6,6,True,3,1,1,111,0,6,False,True,36,36,0,False
71,independent,a03_r03,a03,3,6,6,6,True,1,1,3,986,0,0,False,False,36,36,0,False
71,independent,a04_r03,a04,3,6,6,6,True,1,1,3,962,0,0,False,False,36,36,0,False
71,independent,a05_r03,a05,3,6,6,6,True,1,1,3,1080,0,0,False,False,36,36,0,False
71,independent,a06_r03,a06,3,6,6,6,True,2,1,2,21,6,0,True,True,36,36,0,False
71,independent,a07_r03,a07,3,6,6,6,True,1,1,3,893,0,0,False,False,36,36,0,False
71,independent,a00_r04,a00,4,6,6,6,True,1,1,4,924,0,0,False,False,36,36,0,False
71,independent,a01_r04,a01,4,6,6,6,True,2,1,2,57,0,0,False,False,36,36,0,False
71,independent,a02_r04,a02,4,6,6,6,True,3,1,1,111,0,6,False,True,36,36,0,False
71,independent,a03_r04,a03,4,6,6,6,True,1,1,4,986,0,0,False,False,36,36,0,False
71,independent,a04_r04,a04,4,6,6,6,True,2,1,3,33,6,0,True,True,36,36,0,False
71,independent,a05_r04,a05,4,6,6,6,True,1,1,4,1080,0,0,False,False,36,36,0,False
71,independent,a06_r04,a06,4,6,6,6,True,2,1,2,21,6,0,True,True,36,36,0,False
71,independent,a07_r04,a07,4,6,6,6,True,2,1,3,21,6,0,True,True,36,36,0,False
71,independent,a00_r05,a00,5,6,6,6,True,1,1,5,924,0,0,False,False,36,36,0,False
71,independent,a01_r05,a01,5,6,6,6,True,3,1,2,57,0,0,False,False,36,36,0,False
71,independent,a02_r05,a02,5,6,6,6,True,4,1,1,21,6,0,True,True,36,36,0,False
71,independent,a03_r05,a03,5,6,6,6,True,1,1,5,986,0,0,False,False,36,36,0,False
71,independent,a04_r05,a04,5,6,6,6,True,2,1,3,33,6,0,True,True,36,36,0,False
71,independent,a05_r05,a05,5,6,6,6,True,1,1,5,1080,0,0,False,False,36,36,0,False
71,independent,a06_r05,a06,5,6,6,6,True,2,1,2,21,6,0,True,True,36,36,0,False
71,independent,a07_r05,a07,5,6,6,6,True,2,1,3,21,6,0,True,True,36,36,0,False
71,independent,a00_r06,a00,6,6,6,6,True,2,1,5,21,6,0,True,True,36,36,0,False
71,independent,a01_r06,a01,6,6,6,6,True,4,1,2,57,0,0,False,False,36,36,0,False
71,independent,a02_r06,a02,6,6,6,6,True,5,1,1,21,6,0,True,True,36,36,0,False
71,independent,a03_r06,a03,6,6,6,6,True,1,1,6,986,0,0,False,False,36,36,0,False
71,independent,a04_r06,a04,6,6,6,6,True,2,1,3,117,0,6,False,True,36,36,0,False
71,independent,a05_r06,a05,6,6,6,6,True,1,1,6,1080,0,0,False,False,36,36,0,False
71,independent,a06_r06,a06,6,6,6,6,True,2,1,2,21,6,0,True,True,36,36,0,False
71,independent,a07_r06,a07,6,6,6,6,True,2,1,3,21,6,0,True,True,36,36,0,False
108,local-neutral,a00_r01,a00,1,6,4,4,True,1,1,1,940,0,0,False,False,26,36,0,False
108,local-neutral,a01_r01,a01,1,6,4,4,True,1,1,1,888,0,0,False,False,26,36,0,False
108,local-neutral,a02_r01,a02,1,6,3,3,True,1,1,1,822,0,0,False,False,21,36,0,False
108,local-neutral,a03_r01,a03,1,6,5,5,True,1,1,1,994,0,0,False,False,31,36,0,False
108,local-neutral,a04_r01,a04,1,6,3,3,True,1,1,1,862,0,0,False,False,21,36,0,False
108,local-neutral,a05_r01,a05,1,6,6,6,True,1,1,1,862,0,0,False,False,36,36,0,False
108,local-neutral,a06_r01,a06,1,6,4,4,True,1,1,1,792,0,0,False,False,26,36,0,False
108,local-neutral,a07_r01,a07,1,6,4,4,True,1,1,1,986,0,0,False,False,26,36,0,False
108,local-neutral,a00_r02,a00,2,6,6,6,False,2,2,1,21,6,0,True,True,36,36,36,True
108,local-neutral,a01_r02,a01,2,6,6,6,True,1,1,2,784,0,0,False,False,36,36,0,False
108,local-neutral,a02_r02,a02,2,6,6,6,False,2,2,1,21,6,0,True,True,36,36,36,True
108,local-neutral,a03_r02,a03,2,6,5,5,True,1,1,2,1011,0,0,False,False,31,36,0,False
108,local-neutral,a04_r02,a04,2,6,4,4,True,1,1,2,1086,0,0,False,False,27,36,0,False
108,local-neutral,a05_r02,a05,2,6,4,4,True,1,1,2,785,0,0,False,False,27,36,0,False
108,local-neutral,a06_r02,a06,2,6,5,5,True,1,1,2,898,0,0,False,False,31,36,0,False
108,local-neutral,a07_r02,a07,2,6,5,5,True,1,1,2,993,0,0,False,False,31,36,0,False
108,local-neutral,a00_r03,a00,3,6,6,6,False,3,2,1,118,0,0,False,False,36,36,36,True
108,local-neutral,a01_r03,a01,3,6,6,6,True,2,1,2,10,6,0,True,True,36,36,0,False
108,local-neutral,a02_r03,a02,3,6,6,6,False,2,2,1,21,6,0,True,True,36,36,36,True
108,local-neutral,a03_r03,a03,3,6,6,6,True,1,1,3,1025,0,0,False,False,36,36,0,False
108,local-neutral,a04_r03,a04,3,6,6,6,True,1,1,3,1230,0,0,False,False,36,36,0,False
108,local-neutral,a05_r03,a05,3,6,6,6,True,1,1,3,862,0,0,False,False,36,36,0,False
108,local-neutral,a06_r03,a06,3,6,5,5,True,1,1,3,895,0,0,False,False,31,36,0,False
108,local-neutral,a07_r03,a07,3,6,6,6,True,1,1,3,995,0,0,False,False,36,36,0,False
108,local-neutral,a00_r04,a00,4,6,6,6,False,3,2,1,118,0,0,False,False,36,36,36,True
108,local-neutral,a01_r04,a01,4,6,6,6,True,2,1,2,21,6,0,True,True,36,36,0,False
108,local-neutral,a02_r04,a02,4,6,6,6,False,3,2,1,21,6,0,True,True,36,36,36,True
108,local-neutral,a03_r04,a03,4,6,6,6,True,2,1,3,57,6,0,True,True,36,36,0,False
108,local-neutral,a04_r04,a04,4,6,6,6,True,1,1,4,1230,0,0,False,False,36,36,0,False
108,local-neutral,a05_r04,a05,4,6,6,6,True,2,1,3,100,0,6,False,True,36,36,0,False
108,local-neutral,a07_r04,a07,4,6,6,6,True,1,1,4,995,0,0,False,False,36,36,0,False
108,local-neutral,a00_r05,a00,5,6,6,6,False,4,2,1,58,0,0,False,False,36,36,36,True
108,local-neutral,a01_r05,a01,5,6,6,6,True,3,1,2,21,6,0,True,True,36,36,0,False
108,local-neutral,a02_r05,a02,5,6,6,6,False,4,2,1,21,6,0,True,True,36,36,36,True
108,local-neutral,a03_r05,a03,5,6,6,6,True,3,1,3,57,6,0,True,True,36,36,0,False
108,local-neutral,a04_r05,a04,5,6,6,6,False,3,3,1,21,6,0,True,True,36,36,36,True
108,local-neutral,a05_r05,a05,5,6,6,6,True,2,1,3,22,6,0,True,True,36,36,0,False
108,local-neutral,a06_r05,a06,5,6,5,5,True,1,1,5,825,0,0,False,False,31,36,0,False
108,local-neutral,a07_r05,a07,5,6,6,6,True,1,1,5,995,0,0,False,False,36,36,0,False
108,local-neutral,a00_r06,a00,6,6,6,6,True,1,1,6,855,0,0,False,False,36,36,0,False
108,local-neutral,a01_r06,a01,6,6,4,4,True,1,1,6,785,0,0,False,False,26,36,0,False
108,local-neutral,a02_r06,a02,6,6,5,5,True,1,1,6,878,0,0,False,False,31,36,0,False
108,local-neutral,a03_r06,a03,6,6,6,6,True,4,1,3,57,6,0,True,True,36,36,0,False
108,local-neutral,a04_r06,a04,6,6,5,5,True,1,1,6,942,0,0,False,False,32,36,0,False
108,local-neutral,a05_r06,a05,6,6,6,6,True,2,1,3,22,6,0,True,True,36,36,0,False
108,local-neutral,a06_r06,a06,6,6,6,6,True,1,1,6,837,0,0,False,False,36,36,0,False
108,local-neutral,a07_r06,a07,6,6,6,6,True,1,1,6,995,0,0,False,False,36,36,0,False
108,local-boids,a00_r01,a00,1,6,6,6,True,1,1,1,1004,0,0,False,False,36,36,0,False
108,local-boids,a01_r01,a01,1,6,4,4,True,1,1,1,891,0,0,False,False,26,36,0,False
108,local-boids,a02_r01,a02,1,6,4,4,True,1,1,1,864,0,0,False,False,26,36,0,False
108,local-boids,a03_r01,a03,1,6,4,4,True,1,1,1,868,0,0,False,False,26,36,0,False
108,local-boids,a04_r01,a04,1,6,4,4,True,1,1,1,922,0,0,False,False,26,36,0,False
108,local-boids,a05_r01,a05,1,6,4,4,True,1,1,1,981,0,0,False,False,26,36,0,False
108,local-boids,a06_r01,a06,1,6,4,4,True,1,1,1,856,0,0,False,False,26,36,0,False
108,local-boids,a07_r01,a07,1,6,4,4,True,1,1,1,949,0,0,False,False,26,36,0,False
108,local-boids,a00_r02,a00,2,6,6,6,True,2,1,1,21,6,0,True,True,36,36,0,False
108,local-boids,a01_r02,a01,2,6,4,4,True,1,1,2,888,0,0,False,False,27,36,0,False
108,local-boids,a02_r02,a02,2,6,4,4,True,1,1,2,842,0,0,False,False,27,36,0,False
108,local-boids,a03_r02,a03,2,6,6,6,True,1,1,2,910,0,0,False,False,36,36,0,False
108,local-boids,a04_r02,a04,2,6,5,5,True,1,1,2,929,0,0,False,False,31,36,0,False
108,local-boids,a05_r02,a05,2,6,6,6,False,2,2,1,26,5,0,False,False,36,36,36,True
108,local-boids,a06_r02,a06,2,6,6,6,True,1,1,2,865,0,0,False,False,36,36,0,False
108,local-boids,a07_r02,a07,2,6,6,6,True,1,1,2,980,0,0,False,False,36,36,0,False
108,local-boids,a01_r03,a01,3,6,6,6,False,2,2,2,40,0,0,False,False,36,36,36,True
108,local-boids,a02_r03,a02,3,6,6,6,False,2,2,1,27,5,0,False,False,36,36,36,True
108,local-boids,a03_r03,a03,3,6,6,6,True,2,1,2,21,6,0,True,True,36,36,0,False
108,local-boids,a04_r03,a04,3,6,6,6,False,2,2,2,73,6,0,True,True,36,36,36,True
108,local-boids,a05_r03,a05,3,6,6,6,False,3,2,1,21,6,0,True,True,36,36,36,True
108,local-boids,a07_r03,a07,3,6,6,6,False,2,2,2,57,6,0,True,True,36,36,36,True
108,local-boids,a00_r04,a00,4,6,6,6,True,3,1,1,21,6,0,True,True,36,36,0,False
108,local-boids,a01_r04,a01,4,6,6,6,False,2,2,2,57,6,0,True,True,36,36,36,True
108,local-boids,a02_r04,a02,4,6,6,6,False,2,2,1,22,6,0,True,True,36,36,36,True
108,local-boids,a03_r04,a03,4,6,6,6,True,2,1,2,91,6,0,True,True,36,36,0,False
108,local-boids,a05_r04,a05,4,6,6,6,False,2,2,1,27,5,0,False,False,36,36,36,True
108,local-boids,a06_r04,a06,4,6,6,6,True,2,1,2,21,6,0,True,True,36,36,0,False
108,local-boids,a07_r04,a07,4,6,6,6,False,2,2,2,127,0,0,False,False,36,36,36,True
108,local-boids,a00_r05,a00,5,6,6,6,True,4,1,1,21,6,0,True,True,36,36,0,False
108,local-boids,a01_r05,a01,5,6,6,6,False,2,2,2,156,6,0,True,True,36,36,36,True
108,local-boids,a02_r05,a02,5,6,6,6,False,2,2,1,90,6,0,True,True,36,36,36,True
108,local-boids,a03_r05,a03,5,6,6,6,True,3,1,2,59,0,0,False,False,36,36,0,False
108,local-boids,a04_r05,a04,5,6,6,6,False,2,2,2,78,6,0,True,True,36,36,36,True
108,local-boids,a05_r05,a05,5,6,6,6,False,2,2,1,27,5,0,False,False,36,36,36,True
108,local-boids,a06_r05,a06,5,6,6,6,True,2,1,2,21,6,0,True,True,36,36,0,False
108,local-boids,a07_r05,a07,5,6,6,6,False,3,2,2,119,0,6,False,True,36,36,36,True
108,local-boids,a00_r06,a00,6,6,6,6,True,5,1,1,21,6,0,True,True,36,36,0,False
108,local-boids,a01_r06,a01,6,6,6,6,False,2,2,2,120,6,0,True,True,36,36,36,True
108,local-boids,a02_r06,a02,6,6,6,6,False,2,2,1,90,6,0,True,True,36,36,36,True
108,local-boids,a03_r06,a03,6,6,6,6,True,4,1,2,146,0,0,False,False,36,36,0,False
108,local-boids,a04_r06,a04,6,6,6,6,False,2,2,2,144,6,0,True,True,36,36,36,True
108,local-boids,a05_r06,a05,6,6,6,6,False,2,2,1,21,6,0,True,True,36,36,36,True
108,local-boids,a06_r06,a06,6,6,6,6,True,2,1,2,54,6,0,True,True,36,36,0,False
108,local-boids,a07_r06,a07,6,6,6,6,False,3,2,2,119,0,6,False,True,36,36,36,True
108,independent,a00_r01,a00,1,6,4,4,True,1,1,1,823,0,0,False,False,26,36,0,False
108,independent,a01_r01,a01,1,6,4,4,True,1,1,1,820,0,0,False,False,26,36,0,False
108,independent,a02_r01,a02,1,6,4,4,True,1,1,1,861,0,0,False,False,26,36,0,False
108,independent,a03_r01,a03,1,6,4,4,True,1,1,1,913,0,0,False,False,26,36,0,False
108,independent,a04_r01,a04,1,6,5,5,True,1,1,1,864,0,0,False,False,31,36,0,False
108,independent,a05_r01,a05,1,6,4,4,True,1,1,1,928,0,0,False,False,26,36,0,False
108,independent,a06_r01,a06,1,6,4,4,True,1,1,1,926,0,0,False,False,26,36,0,False
108,independent,a07_r01,a07,1,6,4,4,True,1,1,1,950,0,0,False,False,26,36,0,False
108,independent,a00_r02,a00,2,6,6,6,True,1,1,2,832,0,0,False,False,36,36,0,False
108,independent,a01_r02,a01,2,6,6,6,True,1,1,2,947,0,0,False,False,36,36,0,False
108,independent,a02_r02,a02,2,6,6,6,True,1,1,2,928,0,0,False,False,36,36,0,False
108,independent,a03_r02,a03,2,6,6,6,True,1,1,2,922,0,0,False,False,36,36,0,False
108,independent,a04_r02,a04,2,6,6,6,True,2,1,1,135,0,0,False,False,36,36,0,False
108,independent,a05_r02,a05,2,6,6,6,True,1,1,2,932,0,0,False,False,36,36,0,False
108,independent,a06_r02,a06,2,6,4,4,True,1,1,2,926,0,0,False,False,27,36,0,False
108,independent,a07_r02,a07,2,6,6,6,True,1,1,2,960,0,0,False,False,36,36,0,False
108,independent,a00_r03,a00,3,6,6,6,True,2,1,2,21,6,0,True,True,36,36,0,False
108,independent,a01_r03,a01,3,6,6,6,True,2,1,2,21,6,0,True,True,36,36,0,False
108,independent,a02_r03,a02,3,6,6,6,True,2,1,2,21,6,0,True,True,36,36,0,False
108,independent,a03_r03,a03,3,6,6,6,True,2,1,2,21,6,0,True,True,36,36,0,False
108,independent,a04_r03,a04,3,6,6,6,True,3,1,1,47,0,0,False,False,36,36,0,False
108,independent,a05_r03,a05,3,6,6,6,True,1,1,3,932,0,0,False,False,36,36,0,False
108,independent,a06_r03,a06,3,6,6,6,True,1,1,3,847,0,0,False,False,36,36,0,False
108,independent,a07_r03,a07,3,6,6,6,True,1,1,3,960,0,0,False,False,36,36,0,False
108,independent,a00_r04,a00,4,6,6,6,True,2,1,2,21,6,0,True,True,36,36,0,False
108,independent,a01_r04,a01,4,6,6,6,True,2,1,2,21,6,0,True,True,36,36,0,False
108,independent,a02_r04,a02,4,6,6,6,True,2,1,2,21,6,0,True,True,36,36,0,False
108,independent,a03_r04,a03,4,6,6,6,True,3,1,2,21,6,0,True,True,36,36,0,False
108,independent,a04_r04,a04,4,6,6,6,True,4,1,1,58,0,0,False,False,36,36,0,False
108,independent,a05_r04,a05,4,6,6,6,True,1,1,4,932,0,0,False,False,36,36,0,False
108,independent,a06_r04,a06,4,6,6,6,True,1,1,4,847,0,0,False,False,36,36,0,False
108,independent,a07_r04,a07,4,6,6,6,True,1,1,4,960,0,0,False,False,36,36,0,False
108,independent,a01_r05,a01,5,6,6,6,True,2,1,2,21,6,0,True,True,36,36,0,False
108,independent,a02_r05,a02,5,6,6,6,True,3,1,2,112,0,6,False,True,36,36,0,False
108,independent,a03_r05,a03,5,6,6,6,True,3,1,2,21,6,0,True,True,36,36,0,False
108,independent,a04_r05,a04,5,6,6,6,True,5,1,1,58,0,0,False,False,36,36,0,False
108,independent,a05_r05,a05,5,6,6,6,True,1,1,5,932,0,0,False,False,36,36,0,False
108,independent,a06_r05,a06,5,6,6,6,True,2,1,4,21,6,0,True,True,36,36,0,False
108,independent,a07_r05,a07,5,6,6,6,True,2,1,4,21,6,0,True,True,36,36,0,False
108,independent,a00_r06,a00,6,6,6,6,True,2,1,2,21,6,0,True,True,36,36,0,False
108,independent,a01_r06,a01,6,6,6,6,True,2,1,2,90,6,0,True,True,36,36,0,False
108,independent,a02_r06,a02,6,6,6,6,True,4,1,2,112,0,6,False,True,36,36,0,False
108,independent,a03_r06,a03,6,6,6,6,True,4,1,2,21,6,0,True,True,36,36,0,False
108,independent,a04_r06,a04,6,6,6,6,True,6,1,1,58,0,0,False,False,36,36,0,False
108,independent,a05_r06,a05,6,6,6,6,True,1,1,6,932,0,0,False,False,36,36,0,False
108,independent,a06_r06,a06,6,6,6,6,True,2,1,4,21,6,0,True,True,36,36,0,False
108,independent,a07_r06,a07,6,6,6,6,True,2,1,4,21,6,0,True,True,36,36,0,False
2026,local-neutral,a00_r01,a00,1,6,4,4,True,1,1,1,879,0,0,False,False,26,36,0,False
2026,local-neutral,a01_r01,a01,1,6,5,5,True,1,1,1,802,0,0,False,False,31,36,0,False
2026,local-neutral,a02_r01,a02,1,6,4,4,True,1,1,1,960,0,0,False,False,26,36,0,False
2026,local-neutral,a03_r01,a03,1,6,4,4,True,1,1,1,838,0,0,False,False,26,36,0,False
2026,local-neutral,a04_r01,a04,1,6,6,6,True,1,1,1,932,0,0,False,False,36,36,0,False
2026,local-neutral,a05_r01,a05,1,6,6,6,True,1,1,1,900,0,0,False,False,36,36,0,False
2026,local-neutral,a06_r01,a06,1,6,4,4,True,1,1,1,833,0,0,False,False,26,36,0,False
2026,local-neutral,a07_r01,a07,1,6,4,4,True,1,1,1,885,0,0,False,False,26,36,0,False
2026,local-neutral,a00_r02,a00,2,6,6,6,False,2,2,1,21,6,0,True,True,36,36,36,True
2026,local-neutral,a01_r02,a01,2,6,6,6,True,2,1,1,152,5,0,False,False,36,36,0,False
2026,local-neutral,a02_r02,a02,2,6,6,6,False,2,2,1,21,6,0,True,True,36,36,36,True
2026,local-neutral,a03_r02,a03,2,6,5,5,True,1,1,2,850,0,0,False,False,31,36,0,False
2026,local-neutral,a04_r02,a04,2,6,6,6,True,1,1,2,932,0,0,False,False,36,36,0,False
2026,local-neutral,a05_r02,a05,2,6,6,6,True,2,1,1,105,0,6,False,True,36,36,0,False
2026,local-neutral,a06_r02,a06,2,6,6,6,True,1,1,2,871,0,0,False,False,36,36,0,False
2026,local-neutral,a07_r02,a07,2,6,6,6,True,1,1,2,949,0,0,False,False,36,36,0,False
2026,local-neutral,a00_r03,a00,3,6,6,6,False,2,2,1,21,6,0,True,True,36,36,36,True
2026,local-neutral,a01_r03,a01,3,6,6,6,True,3,1,1,21,6,0,True,True,36,36,0,False
2026,local-neutral,a02_r03,a02,3,6,6,6,False,2,2,1,21,6,0,True,True,36,36,36,True
2026,local-neutral,a03_r03,a03,3,6,6,6,True,1,1,3,852,0,0,False,False,36,36,0,False
2026,local-neutral,a04_r03,a04,3,6,6,6,True,1,1,3,902,0,0,False,False,36,36,0,False
2026,local-neutral,a05_r03,a05,3,6,6,6,True,2,1,1,28,5,1,False,True,36,36,0,False
2026,local-neutral,a06_r03,a06,3,6,6,6,True,1,1,3,871,0,0,False,False,36,36,0,False
2026,local-neutral,a07_r03,a07,3,6,6,6,True,2,1,2,21,6,0,True,True,36,36,0,False
2026,local-neutral,a00_r04,a00,4,6,6,6,False,3,2,1,21,6,0,True,True,36,36,36,True
2026,local-neutral,a01_r04,a01,4,6,6,6,True,4,1,1,21,6,0,True,True,36,36,0,False
2026,local-neutral,a02_r04,a02,4,6,6,6,False,2,2,1,21,6,0,True,True,36,36,36,True
2026,local-neutral,a03_r04,a03,4,6,6,6,True,1,1,4,864,0,0,False,False,36,36,0,False
2026,local-neutral,a04_r04,a04,4,6,6,6,True,1,1,4,902,0,0,False,False,36,36,0,False
2026,local-neutral,a05_r04,a05,4,6,6,6,True,2,1,1,28,5,1,False,True,36,36,0,False
2026,local-neutral,a07_r04,a07,4,6,6,6,True,3,1,2,91,6,0,True,True,36,36,0,False
2026,local-neutral,a00_r05,a00,5,6,6,6,False,4,2,1,21,6,0,True,True,36,36,36,True
2026,local-neutral,a01_r05,a01,5,6,6,6,True,5,1,1,21,6,0,True,True,36,36,0,False
2026,local-neutral,a02_r05,a02,5,6,6,6,False,2,2,4,21,6,0,True,True,36,36,36,True
2026,local-neutral,a03_r05,a03,5,6,6,6,True,1,1,5,864,0,0,False,False,36,36,0,False
2026,local-neutral,a04_r05,a04,5,6,6,6,True,2,1,4,10,6,0,True,True,36,36,0,False
2026,local-neutral,a05_r05,a05,5,6,6,6,True,3,1,1,22,6,0,True,True,36,36,0,False
2026,local-neutral,a06_r05,a06,5,6,6,6,False,5,2,1,21,6,0,True,True,36,36,36,True
2026,local-neutral,a00_r06,a00,6,6,6,6,False,5,2,1,21,6,0,True,True,36,36,36,True
2026,local-neutral,a01_r06,a01,6,6,6,6,False,2,2,4,21,6,0,True,True,36,36,36,True
2026,local-neutral,a02_r06,a02,6,6,6,6,False,2,2,4,21,6,0,True,True,36,36,36,True
2026,local-neutral,a03_r06,a03,6,6,6,6,True,1,1,6,864,0,0,False,False,36,36,0,False
2026,local-neutral,a04_r06,a04,6,6,6,6,True,3,1,4,21,6,0,True,True,36,36,0,False
2026,local-neutral,a05_r06,a05,6,6,6,6,True,4,1,1,21,6,0,True,True,36,36,0,False
2026,local-neutral,a06_r06,a06,6,6,6,6,False,6,2,1,21,6,0,True,True,36,36,36,True
2026,local-neutral,a07_r06,a07,6,6,4,4,True,1,1,6,861,0,0,False,False,27,36,0,False
2026,local-boids,a00_r01,a00,1,6,5,5,True,1,1,1,806,0,0,False,False,31,36,0,False
2026,local-boids,a01_r01,a01,1,6,3,3,True,1,1,1,850,0,0,False,False,21,36,0,False
2026,local-boids,a02_r01,a02,1,6,4,4,True,1,1,1,978,0,0,False,False,26,36,0,False
2026,local-boids,a03_r01,a03,1,6,4,4,True,1,1,1,921,0,0,False,False,26,36,0,False
2026,local-boids,a04_r01,a04,1,6,4,4,True,1,1,1,867,0,0,False,False,26,36,0,False
2026,local-boids,a05_r01,a05,1,6,4,4,True,1,1,1,854,0,0,False,False,26,36,0,False
2026,local-boids,a06_r01,a06,1,6,5,5,True,1,1,1,894,0,0,False,False,31,36,0,False
2026,local-boids,a07_r01,a07,1,6,4,4,True,1,1,1,983,0,0,False,False,26,36,0,False
2026,local-boids,a00_r02,a00,2,1,1,1,False,2,2,1,22,0,1,False,True,6,6,6,True
2026,local-boids,a01_r02,a01,2,1,1,1,False,2,2,1,22,0,1,False,True,6,6,6,True
2026,local-boids,a02_r02,a02,2,6,6,6,True,1,1,2,988,0,0,False,False,36,36,0,False
2026,local-boids,a03_r02,a03,2,6,5,5,False,2,2,1,168,5,0,False,False,31,36,31,True
2026,local-boids,a04_r02,a04,2,6,6,6,True,1,1,2,893,0,0,False,False,36,36,0,False
2026,local-boids,a05_r02,a05,2,6,5,5,False,2,2,1,114,5,0,False,False,31,36,31,True
2026,local-boids,a06_r02,a06,2,6,6,6,True,1,1,2,902,0,0,False,False,36,36,0,False
2026,local-boids,a07_r02,a07,2,6,6,6,True,1,1,2,992,0,0,False,False,36,36,0,False
2026,local-boids,a00_r03,a00,3,1,1,1,False,3,2,1,22,0,1,False,True,6,6,6,True
2026,local-boids,a01_r03,a01,3,6,6,6,False,2,2,2,21,6,0,True,True,36,36,36,True
2026,local-boids,a02_r03,a02,3,6,6,6,True,2,1,2,101,0,6,False,True,36,36,0,False
2026,local-boids,a03_r03,a03,3,6,5,5,False,2,2,1,173,5,0,False,False,32,36,32,True
2026,local-boids,a04_r03,a04,3,6,6,6,True,2,1,2,21,6,0,True,True,36,36,0,False
2026,local-boids,a05_r03,a05,3,6,5,5,False,2,2,1,116,5,0,False,False,32,36,32,True
2026,local-boids,a06_r03,a06,3,6,6,6,True,1,1,3,902,0,0,False,False,36,36,0,False
2026,local-boids,a07_r03,a07,3,6,6,6,True,2,1,2,116,0,6,False,True,36,36,0,False
2026,local-boids,a00_r04,a00,4,1,0,0,True,1,1,4,270,0,0,False,False,1,6,0,False
2026,local-boids,a01_r04,a01,4,6,6,6,False,2,2,2,21,6,0,True,True,36,36,36,True
2026,local-boids,a02_r04,a02,4,6,6,6,True,3,1,2,79,6,0,True,True,36,36,0,False
2026,local-boids,a03_r04,a03,4,6,6,6,False,2,2,2,143,5,0,False,False,36,36,36,True
2026,local-boids,a04_r04,a04,4,6,6,6,True,2,1,2,21,6,0,True,True,36,36,0,False
2026,local-boids,a05_r04,a05,4,6,6,6,False,2,2,2,144,5,0,False,False,36,36,36,True
2026,local-boids,a06_r04,a06,4,6,6,6,True,2,1,3,21,6,0,True,True,36,36,0,False
2026,local-boids,a07_r04,a07,4,6,6,6,True,3,1,2,22,6,0,True,True,36,36,0,False
2026,local-boids,a00_r05,a00,5,6,6,6,False,2,2,2,21,6,0,True,True,36,36,36,True
2026,local-boids,a01_r05,a01,5,6,6,6,False,2,2,2,21,6,0,True,True,36,36,36,True
2026,local-boids,a02_r05,a02,5,6,6,6,True,4,1,2,55,6,0,True,True,36,36,0,False
2026,local-boids,a03_r05,a03,5,6,6,6,False,4,2,2,21,6,0,True,True,36,36,36,True
2026,local-boids,a04_r05,a04,5,6,6,6,True,3,1,2,91,6,0,True,True,36,36,0,False
2026,local-boids,a05_r05,a05,5,6,6,6,False,2,2,2,21,6,0,True,True,36,36,36,True
2026,local-boids,a06_r05,a06,5,6,6,6,True,3,1,3,90,6,0,True,True,36,36,0,False
2026,local-boids,a07_r05,a07,5,6,6,6,True,4,1,2,21,6,0,True,True,36,36,0,False
2026,local-boids,a00_r06,a00,6,6,6,6,False,2,2,2,21,6,0,True,True,36,36,36,True
2026,local-boids,a01_r06,a01,6,6,6,6,False,4,2,2,121,0,0,False,False,36,36,36,True
2026,local-boids,a02_r06,a02,6,6,6,6,False,4,2,2,122,6,0,True,True,36,36,36,True
2026,local-boids,a03_r06,a03,6,6,6,6,False,5,2,2,21,6,0,True,True,36,36,36,True
2026,local-boids,a04_r06,a04,6,6,6,6,True,4,1,2,91,6,0,True,True,36,36,0,False
2026,local-boids,a05_r06,a05,6,6,6,6,False,4,2,2,199,0,6,False,True,36,36,36,True
2026,local-boids,a06_r06,a06,6,6,6,6,True,4,1,3,90,6,0,True,True,36,36,0,False
2026,local-boids,a07_r06,a07,6,6,6,6,True,5,1,2,21,6,0,True,True,36,36,0,False
2026,independent,a00_r01,a00,1,6,6,6,True,1,1,1,992,0,0,False,False,36,36,0,False
2026,independent,a01_r01,a01,1,6,4,4,True,1,1,1,755,0,0,False,False,26,36,0,False
2026,independent,a02_r01,a02,1,6,4,4,True,1,1,1,888,0,0,False,False,26,36,0,False
2026,independent,a03_r01,a03,1,6,4,4,True,1,1,1,875,0,0,False,False,26,36,0,False
2026,independent,a04_r01,a04,1,6,6,6,True,1,1,1,960,0,0,False,False,36,36,0,False
2026,independent,a05_r01,a05,1,6,4,4,True,1,1,1,825,0,0,False,False,26,36,0,False
2026,independent,a06_r01,a06,1,6,4,4,True,1,1,1,1006,0,0,False,False,26,36,0,False
2026,independent,a07_r01,a07,1,6,4,4,True,1,1,1,850,0,0,False,False,26,36,0,False
2026,independent,a01_r02,a01,2,6,6,6,True,1,1,2,771,0,0,False,False,36,36,0,False
2026,independent,a02_r02,a02,2,6,6,6,True,1,1,2,908,0,0,False,False,36,36,0,False
2026,independent,a03_r02,a03,2,6,6,6,True,1,1,2,884,0,0,False,False,36,36,0,False
2026,independent,a04_r02,a04,2,6,6,6,True,2,1,1,21,6,0,True,True,36,36,0,False
2026,independent,a05_r02,a05,2,6,6,6,True,1,1,2,840,0,0,False,False,36,36,0,False
2026,independent,a06_r02,a06,2,6,6,6,True,1,1,2,1191,0,0,False,False,36,36,0,False
2026,independent,a07_r02,a07,2,6,4,4,True,1,1,2,822,0,0,False,False,26,36,0,False
2026,independent,a00_r03,a00,3,6,6,6,True,2,1,1,21,6,0,True,True,36,36,0,False
2026,independent,a01_r03,a01,3,6,6,6,True,2,1,2,21,6,0,True,True,36,36,0,False
2026,independent,a02_r03,a02,3,6,6,6,True,2,1,2,100,0,6,False,True,36,36,0,False
2026,independent,a03_r03,a03,3,6,6,6,True,2,1,2,21,6,0,True,True,36,36,0,False
2026,independent,a04_r03,a04,3,6,6,6,True,2,1,1,21,6,0,True,True,36,36,0,False
2026,independent,a05_r03,a05,3,6,6,6,True,1,1,3,840,0,0,False,False,36,36,0,False
2026,independent,a06_r03,a06,3,6,6,6,True,2,1,2,21,6,0,True,True,36,36,0,False
2026,independent,a07_r03,a07,3,6,6,6,True,1,1,3,826,0,0,False,False,36,36,0,False
2026,independent,a00_r04,a00,4,6,6,6,True,2,1,1,21,6,0,True,True,36,36,0,False
2026,independent,a01_r04,a01,4,6,6,6,True,3,1,2,26,5,0,False,False,36,36,0,False
2026,independent,a02_r04,a02,4,6,6,6,True,3,1,2,100,0,6,False,True,36,36,0,False
2026,independent,a03_r04,a03,4,6,6,6,True,2,1,2,21,6,0,True,True,36,36,0,False
2026,independent,a04_r04,a04,4,6,6,6,True,2,1,1,21,6,0,True,True,36,36,0,False
2026,independent,a05_r04,a05,4,6,6,6,True,1,1,4,840,0,0,False,False,36,36,0,False
2026,independent,a06_r04,a06,4,6,6,6,True,2,1,2,21,6,0,True,True,36,36,0,False
2026,independent,a07_r04,a07,4,6,6,6,True,1,1,4,826,0,0,False,False,36,36,0,False
2026,independent,a00_r05,a00,5,6,6,6,True,2,1,1,21,6,0,True,True,36,36,0,False
2026,independent,a01_r05,a01,5,6,6,6,True,4,1,2,21,6,0,True,True,36,36,0,False
2026,independent,a03_r05,a03,5,6,6,6,True,2,1,2,21,6,0,True,True,36,36,0,False
2026,independent,a04_r05,a04,5,6,6,6,True,2,1,1,21,6,0,True,True,36,36,0,False
2026,independent,a05_r05,a05,5,6,6,6,True,1,1,5,840,0,0,False,False,36,36,0,False
2026,independent,a06_r05,a06,5,6,6,6,True,2,1,2,21,6,0,True,True,36,36,0,False
2026,independent,a07_r05,a07,5,6,6,6,True,2,1,4,25,5,1,False,True,36,36,0,False
2026,independent,a00_r06,a00,6,6,6,6,True,2,1,1,21,6,0,True,True,36,36,0,False
2026,independent,a01_r06,a01,6,6,6,6,True,5,1,2,21,6,0,True,True,36,36,0,False
2026,independent,a02_r06,a02,6,6,6,6,True,2,1,2,100,0,6,False,True,36,36,0,False
2026,independent,a03_r06,a03,6,6,6,6,True,3,1,2,21,6,0,True,True,36,36,0,False
2026,independent,a04_r06,a04,6,6,6,6,True,2,1,1,21,6,0,True,True,36,36,0,False
2026,independent,a05_r06,a05,6,6,6,6,True,1,1,6,840,0,0,False,False,36,36,0,False
2026,independent,a06_r06,a06,6,6,6,6,True,2,1,2,21,6,0,True,True,36,36,0,False
2026,independent,a07_r06,a07,6,6,6,6,True,3,1,4,28,5,1,False,True,36,36,0,False
