seed,condition,round,opportunities,publications,skips,rejected,adoption_publications,correct_cross_author_cases,correct_cases,declared_cases,conditional_case_accuracy,six_service_declarations,six_family_passes,fresh_history_collective_coverage,fresh_history_best_self_contained,fresh_history_coverage_gap,fresh_history_self_contained_six_authors,fresh_latest_collective_coverage,fresh_latest_best_self_contained,fresh_latest_coverage_gap
71,local-neutral,1,8,8,0,0,0,0,226,288,0.7847222222222222,8,0,6,5,1,0,6,5,1
71,local-neutral,2,8,8,0,0,1,36,288,288,1.0,8,8,6,6,0,7,6,6,0
71,local-neutral,3,8,8,0,0,1,36,279,288,0.96875,8,7,6,6,0,7,6,6,0
71,local-neutral,4,8,8,0,0,1,36,288,288,1.0,8,8,6,6,0,7,6,6,0
71,local-neutral,5,8,7,0,1,1,36,244,252,0.9682539682539683,7,6,6,6,0,7,6,6,0
71,local-neutral,6,8,8,0,0,0,0,233,288,0.8090277777777778,8,2,6,6,0,7,6,6,0
71,local-boids,1,8,8,0,0,0,0,213,288,0.7395833333333334,8,0,5,5,0,0,5,5,0
71,local-boids,2,8,8,0,0,1,24,268,288,0.9305555555555556,8,6,6,6,0,5,6,6,0
71,local-boids,3,8,7,1,0,3,108,252,252,1.0,7,7,6,6,0,5,6,6,0
71,local-boids,4,8,8,0,0,4,144,288,288,1.0,8,8,6,6,0,5,6,6,0
71,local-boids,5,8,8,0,0,5,180,288,288,1.0,8,8,6,6,0,5,6,6,0
71,local-boids,6,8,7,1,0,4,144,252,252,1.0,7,7,6,6,0,5,6,6,0
71,independent,1,8,8,0,0,0,0,224,288,0.7777777777777778,8,1,6,6,0,1,6,6,0
71,independent,2,8,8,0,0,0,0,274,288,0.9513888888888888,8,6,6,6,0,6,6,6,0
71,independent,3,8,8,0,0,0,0,284,288,0.9861111111111112,8,7,6,6,0,7,6,6,0
71,independent,4,8,8,0,0,0,0,288,288,1.0,8,8,6,6,0,8,6,6,0
71,independent,5,8,8,0,0,0,0,288,288,1.0,8,8,6,6,0,8,6,6,0
71,independent,6,8,8,0,0,0,0,288,288,1.0,8,8,6,6,0,8,6,6,0
108,local-neutral,1,8,8,0,0,0,0,213,288,0.7395833333333334,8,1,6,6,0,1,6,6,0
108,local-neutral,2,8,8,0,0,2,72,255,288,0.8854166666666666,8,3,6,6,0,3,6,6,0
108,local-neutral,3,8,8,0,0,2,72,283,288,0.9826388888888888,8,7,6,6,0,6,6,6,0
108,local-neutral,4,8,7,0,1,2,72,252,252,1.0,7,7,6,6,0,6,6,6,0
108,local-neutral,5,8,8,0,0,3,108,283,288,0.9826388888888888,8,7,6,6,0,6,6,6,0
108,local-neutral,6,8,8,0,0,0,0,269,288,0.9340277777777778,8,5,6,6,0,7,6,6,0
108,local-boids,1,8,8,0,0,0,0,218,288,0.7569444444444444,8,1,6,6,0,1,6,6,0
108,local-boids,2,8,8,0,0,1,36,265,288,0.9201388888888888,8,5,6,6,0,4,6,6,0
108,local-boids,3,8,6,2,0,5,180,216,216,1.0,6,6,6,6,0,4,6,6,0
108,local-boids,4,8,7,1,0,4,144,252,252,1.0,7,7,6,6,0,4,6,6,0
108,local-boids,5,8,8,0,0,5,180,288,288,1.0,8,8,6,6,0,4,6,6,0
108,local-boids,6,8,8,0,0,5,180,288,288,1.0,8,8,6,6,0,4,6,6,0
108,independent,1,8,8,0,0,0,0,213,288,0.7395833333333334,8,0,5,5,0,0,5,5,0
108,independent,2,8,8,0,0,0,0,279,288,0.96875,8,7,6,6,0,7,6,6,0
108,independent,3,8,8,0,0,0,0,288,288,1.0,8,8,6,6,0,8,6,6,0
108,independent,4,8,8,0,0,0,0,288,288,1.0,8,8,6,6,0,8,6,6,0
108,independent,5,8,7,1,0,0,0,252,252,1.0,7,7,6,6,0,8,6,6,0
108,independent,6,8,8,0,0,0,0,288,288,1.0,8,8,6,6,0,8,6,6,0
2026,local-neutral,1,8,8,0,0,0,0,233,288,0.8090277777777778,8,2,6,6,0,2,6,6,0
2026,local-neutral,2,8,8,0,0,2,72,283,288,0.9826388888888888,8,7,6,6,0,5,6,6,0
2026,local-neutral,3,8,8,0,0,2,72,288,288,1.0,8,8,6,6,0,6,6,6,0
2026,local-neutral,4,8,7,1,0,2,72,252,252,1.0,7,7,6,6,0,6,6,6,0
2026,local-neutral,5,8,7,1,0,3,108,252,252,1.0,7,7,6,6,0,6,6,6,0
2026,local-neutral,6,8,8,0,0,4,144,279,288,0.96875,8,7,6,6,0,6,6,6,0
2026,local-boids,1,8,8,0,0,0,0,213,288,0.7395833333333334,8,0,6,5,1,0,6,5,1
2026,local-boids,2,8,8,0,0,4,74,218,228,0.956140350877193,6,4,6,6,0,4,6,6,0
2026,local-boids,3,8,8,0,0,4,106,250,258,0.9689922480620154,7,5,6,6,0,4,6,6,0
2026,local-boids,4,8,8,0,0,3,108,253,258,0.9806201550387597,7,7,6,6,0,4,6,6,0
2026,local-boids,5,8,8,0,0,4,144,288,288,1.0,8,8,6,6,0,4,6,6,0
2026,local-boids,6,8,8,0,0,5,180,288,288,1.0,8,8,6,6,0,4,6,6,0
2026,independent,1,8,8,0,0,0,0,228,288,0.7916666666666666,8,2,6,6,0,2,6,6,0
2026,independent,2,8,7,1,0,0,0,242,252,0.9603174603174603,7,6,6,6,0,7,6,6,0
2026,independent,3,8,8,0,0,0,0,288,288,1.0,8,8,6,6,0,8,6,6,0
2026,independent,4,8,8,0,0,0,0,288,288,1.0,8,8,6,6,0,8,6,6,0
2026,independent,5,8,7,0,1,0,0,252,252,1.0,7,7,6,6,0,8,6,6,0
2026,independent,6,8,8,0,0,0,0,288,288,1.0,8,8,6,6,0,8,6,6,0
