seed,condition,family,declarations,cases,passed,fully_passing_publications
71,local-neutral,clean,47,282,282,47
71,local-neutral,revenue,47,282,223,35
71,local-neutral,group,47,282,282,47
71,local-neutral,monthly,47,282,282,47
71,local-neutral,lookup,47,282,265,43
71,local-neutral,window,47,282,224,35
71,local-boids,clean,46,276,276,46
71,local-boids,revenue,46,276,226,36
71,local-boids,group,46,276,276,46
71,local-boids,monthly,46,276,276,46
71,local-boids,lookup,46,276,276,46
71,local-boids,window,46,276,231,37
71,independent,clean,48,288,288,48
71,independent,revenue,48,288,253,41
71,independent,group,48,288,288,48
71,independent,monthly,48,288,288,48
71,independent,lookup,48,288,276,45
71,independent,window,48,288,253,41
108,local-neutral,clean,47,282,272,45
108,local-neutral,revenue,47,282,227,36
108,local-neutral,group,47,282,282,47
108,local-neutral,monthly,47,282,282,47
108,local-neutral,lookup,47,282,253,41
108,local-neutral,window,47,282,239,38
108,local-boids,clean,45,270,270,45
108,local-boids,revenue,45,270,220,35
108,local-boids,group,45,270,270,45
108,local-boids,monthly,45,270,270,45
108,local-boids,lookup,45,270,270,45
108,local-boids,window,45,270,227,36
108,independent,clean,47,282,282,47
108,independent,revenue,47,282,237,38
108,independent,group,47,282,282,47
108,independent,monthly,47,282,282,47
108,independent,lookup,47,282,282,47
108,independent,window,47,282,243,39
2026,local-neutral,clean,46,276,271,45
2026,local-neutral,revenue,46,276,247,40
2026,local-neutral,group,46,276,276,46
2026,local-neutral,monthly,46,276,276,46
2026,local-neutral,lookup,46,276,276,46
2026,local-neutral,window,46,276,241,39
2026,local-boids,clean,44,264,264,44
2026,local-boids,revenue,44,264,234,38
2026,local-boids,group,44,264,264,44
2026,local-boids,monthly,44,264,264,44
2026,local-boids,lookup,48,288,250,40
2026,local-boids,window,44,264,234,38
2026,independent,clean,46,276,276,46
2026,independent,revenue,46,276,241,39
2026,independent,group,46,276,276,46
2026,independent,monthly,46,276,276,46
2026,independent,lookup,46,276,276,46
2026,independent,window,46,276,241,39
