seed,condition,publications,opportunities,six_family_passes,single_family_declarations,adoption_publications,post_round_one_publications,post_round_one_adoption_rate,adoption_authors,correct_cross_author_cases,nonempty_correct_cross_author_cases,correct_cases,declared_cases,conditional_case_accuracy,self_contained_six_authors,history_collective_coverage,history_best_self_contained,history_coverage_gap,max_author_removal_loss,sustained_single_family_proxy,all_checks_direct_import_publications,all_checks_import_or_simple_delegate_publications,foreign_closure_publications,foreign_closure_adoption_publications,root_ast_median,author_execution_pairs,first_fresh_collective_six_round,first_fresh_self_contained_six_round,final_latest_collective_coverage,final_latest_best_self_contained,final_latest_coverage_gap,physical_requests,input_tokens,output_tokens,cached_tokens,generation_code_revision,timeout_seconds
71,local-neutral,47,48,31,0,4,39,0.10256410256410256,1,144,120,1558,1692,0.9208037825059102,7,6,6,0,0,0,10,14,4,4,839,2,1,2,6,6,0,237,1191730,76828,889525,376966bde00b87200d6a17a612c387f7eef80edd,55
71,local-boids,46,48,36,0,17,38,0.4473684210526316,5,600,500,1561,1656,0.9426328502415459,5,6,6,0,0,0,21,21,17,17,118.0,7,2,2,6,6,0,222,1168942,73730,855479,376966bde00b87200d6a17a612c387f7eef80edd,55
71,independent,48,48,38,0,0,40,0.0,0,0,0,1646,1728,0.9525462962962963,8,6,6,0,0,0,13,17,0,0,890.0,0,1,1,6,6,0,230,820355,66831,587253,376966bde00b87200d6a17a612c387f7eef80edd,55
108,local-neutral,47,48,30,0,9,39,0.23076923076923078,3,324,270,1555,1692,0.9190307328605201,7,6,6,0,0,0,14,15,9,9,825,3,1,1,6,6,0,225,1099799,70234,808244,ff3588123181b0259e443276f42263b2d9a3cb45,180
108,local-boids,45,48,35,0,20,37,0.5405405405405406,5,720,600,1527,1620,0.9425925925925925,4,6,6,0,0,0,21,23,20,20,90,6,1,1,6,6,0,224,1083478,65747,790157,376966bde00b87200d6a17a612c387f7eef80edd,55
108,independent,47,48,38,0,0,39,0.0,0,0,0,1608,1692,0.950354609929078,8,6,6,0,0,0,17,19,0,0,135,0,2,2,6,6,0,236,836925,70572,639500,376966bde00b87200d6a17a612c387f7eef80edd,55
2026,local-neutral,46,48,38,0,13,38,0.34210526315789475,4,468,390,1587,1656,0.9583333333333334,6,6,6,0,0,0,22,25,13,13,59.5,4,1,1,6,6,0,234,1175435,66799,879085,e0199e17f222a34702f22f160850fb2df8ff32d1,180
2026,local-boids,48,48,32,4,20,40,0.5,5,612,507,1510,1608,0.9390547263681592,4,6,6,0,0,0,21,27,20,20,107.5,8,1,2,6,6,0,215,1064844,66176,754251,6e0daf1e8f477917cae650207425bacaf13fdaa7,180
2026,independent,46,48,39,0,0,38,0.0,0,0,0,1586,1656,0.9577294685990339,8,6,6,0,0,0,20,25,0,0,64.0,0,1,1,6,6,0,229,813568,69334,576527,fb3e8e27ea59cdfa81db1d0ee91a06fb8be3e0e6,180
